mean,sd,CV,CV2,N,T_end,window_start,window_end
16.60005988023952,2.235183033100732,0.13464909459522267,0.018130378675313225,500,6000,2500,3000
