mean,sd,CV,CV2,N,T_end,window_start,window_end
17.168075848303392,2.3505619353767693,0.1369146988949877,0.018745634773505146,500,6000,2500,3000
