mean,sd,CV,CV2,N,T_end,window_start,window_end,copies
31.49518881118881,2.2158085394207183,0.07035387381559503,0.004949667560860668,500,6000,3000,4000,20
