mean,sd,CV,CV2,N,T_end,window_start,window_end,copies
16.14735064935065,1.5766150710039164,0.09763924158464463,0.009533421497224597,500,6000,3000,4000,5
