mean,sd,CV,CV2,N,T_end,window_start,window_end,copies
55.18005994005995,2.704761816813475,0.049017014837453195,0.0024026677435751067,500,6000,3000,4000,40
