mean,sd,CV,CV2,N,T_end,window_start,window_end,copies
97.8937022977023,3.8977641413527664,0.03981629103677543,0.0015853370319252032,500,6000,3000,4000,40
