mean,sd,CV,CV2,N,T_end,window_start,window_end,copies
29.427944055944057,2.050878827133594,0.0696915429509709,0.004856911158887021,500,6000,3000,4000,20
