mean,sd,CV,CV2,N,T_end,window_start,window_end,copies
71.96545854145853,3.4282357117376625,0.04763723849216764,0.002269306491159658,500,6000,3000,4000,40
