mean,sd,CV,CV2,N,T_end,window_start,window_end
33.02187225548903,3.075541592107078,0.09313649959977205,0.00867440755769834,500,6000,2500,3000
