mean,sd,CV,CV2,N,T_end,window_start,window_end,copies
16.35048751248751,1.5519201188171914,0.09491583156966597,0.0090090150825612,500,6000,3000,4000,10
