mean,sd,CV,CV2,N,T_end,window_start,window_end,copies
17.115304695304694,1.661157036152748,0.09705681936287465,0.00942002618483768,500,6000,3000,4000,5
