mean,sd,CV,CV2,N,T_end,window_start,window_end,copies
29.38383016983017,2.0312012980005916,0.06912649869880225,0.004778472822355509,500,6000,3000,4000,10
