mean,sd,CV,CV2,N,T_end,window_start,window_end,copies
32.57310089910089,2.168434548892345,0.06657132692430273,0.004431741568462394,500,6000,3000,4000,10
