mean,sd,CV,CV2,N,T_end,window_start,window_end,copies
8.693350649350648,1.1593345009260443,0.1333587643807559,0.017784560037161966,500,6000,3000,4000,5
