mean,sd,CV,CV2,N,T_end,window_start,window_end,copies
58.93822577422578,3.1274487558914252,0.05306316426747761,0.002815699402077313,500,6000,3000,4000,20
