mean,sd,CV,CV2,N,T_end,window_start,window_end,copies
48.80054145854146,2.7641981458400697,0.05664277615010474,0.0032084040899908743,500,6000,3000,4000,20
