mean,sd,CV,CV2,N,T_end,window_start,window_end,copies
8.570859140859142,1.2011772079520606,0.1401466513696146,0.019641083890116297,500,6000,3000,4000,5
