mean,sd,CV,CV2,N,T_end,window_start,window_end,copies
48.95859340659341,2.7589128763296213,0.05635196365666155,0.003175543807961704,500,6000,3000,4000,40
