mean,sd,CV,CV2,N,T_end,window_start,window_end,copies
16.724457542457543,1.467068562899953,0.0877199490133285,0.007694789454900951,500,6000,3000,4000,10
